,subreddit_id,s_date,comment_id,c_text,c_upvote,c_author,c_date
0,1977olb,2024-01-15,kiqjz7n,Gerne PN!,1,miriam-reddit,2024-01-20
1,1c4yquf,2024-04-15,kzsbfrv,"Ich dachte alle fahren in der 10.

Das war nicht Pflicht?",53,lexorix,2024-04-16
2,1c4qcrg,2024-04-15,kzpp65o,"Mehrheit f√ºr mehr Geld f√ºr Klimaschutz, Bundeswehr, Infrastruktur, Subventionen f√ºr Bauern, Subventionen f√ºr Pendler, Subventionen f√ºr Bahnfahrer, etc.

Wenn man fragt, ob die Schuldenbremse abgeschafft werden soll oder die Steuern erh√∂ht, werden nat√ºrlich nur dicke Backen gemacht.",24,Former_Star1081,2024-04-15
3,1c4qcrg,2024-04-15,kzpde3u,gut,8,Everlastingitch,2024-04-15
4,1c4qcrg,2024-04-15,kzpowq8,"Oder auch: Mehrheit glaubt, dass mehr Geld die Wehrf√§higkeit erh√∂hen w√ºrde.",3,peppercruncher,2024-04-15
5,1c4qcrg,2024-04-15,kzsq8s1,"W√§re das sch√∂n, wenn man Geld aus dem Nichts erschaffen k√∂nnte, ohne dabei eine Inflation aus zu l√∂sen.",1,Edward_Page99,2024-04-16
6,1c4qcrg,2024-04-15,kzpujn6,"Oder auch: Mehrheit wei√ü nicht, dass die Ineffizienz des Systems s√§mtliches Geld auffressen wird.",1,ruphusroger,2024-04-15
7,1c4qcrg,2024-04-15,kzsvteu,"Kein mehr Geld an China oder Palestine spenden sondern in unsere Milit√§r reinstecken f√§nde ich eine gute Startpunkt üëç aber lautet Au√üenlandentwicklungsprojekte (wie 40 Millionen an Peru f√ºr Fahrradwege?) k√∂nnen mMn lieber abgeschafft werden um den Geld in Deutschland oder mindestens Europa ausgeben zu k√∂nnen. USA ist kein Weltpolizei und Deutschland bzw Europa ist kein Welteuter. Erstmal unsere Haus auf die Reihe kriegen, bevor wir andere L√§nder aufbauen und vor allem lieber unsere Milit√§r statt L√§nder, die f√ºr uns Konkurrenz, gef√§hrlich oder sogar feindlich sind.",0,Major_Boot2778,2024-04-16
8,1c4qcrg,2024-04-15,kzsj23y,"Ich w√ºrde behaupten es ist auch die Mehrheit f√ºr Steuern, nur halt f√ºr die Anderen. Im Allgemeinen die Unterschicht f√ºr Reichensteuer, Erbachaftssteuer und Kapitalertragssteuer. Mittelschicht f√ºr Reichensteuer und gegen B√ºrgergeld. Oberschicht gegen die meisten Sozialausgaben.",6,BennyTheSen,2024-04-16
9,1c4qcrg,2024-04-15,kzssh9j,Wie w√§rs wenn das Geld besser verwaltet wird? Es gibt so viele Baustellen wo die Kohle nur so rausgehauen wird.,3,WooHooFokYou,2024-04-16
10,1c4qcrg,2024-04-15,kzv7nlm,"Wir haben ja auch kein Einnahmenproblem sondern ein Ausgabenproblem. Einfach mal weniger Schwachsinn f√∂rdern und seine eigentliche politische Arbeit erledigen, statt auf dem R√ºcken des Steuerzahlers den einfachen Weg zu nehmen und neue Schulden anzuh√§ufen, um es sich selbst leicht zu machen.",1,kIndIrIx,2024-04-16
11,1c4qcrg,2024-04-15,kzq3k5b,Es gibt da auf jeden Fall ne Korrelation.,8,Thertor,2024-04-15
12,1c4qcrg,2024-04-15,kzq1iet,Weniger hilft jedenfalls nicht,5,ShermanTeaPotter,2024-04-15
13,1c4qcrg,2024-04-15,kzt0t7j,"Die USA zeigen sehr gut, dass die Ineffizienz bei genug Geld irgendwann nicht mehr hinterherkommt.",1,_HermineStranger_,2024-04-16
14,1c4qcrg,2024-04-15,kzt1g9b,">Kein mehr Geld an China oder Palestine spenden

Inwiefern spendet Deutschland Geld an China?",1,_HermineStranger_,2024-04-16
15,1c4qcrg,2024-04-15,kzuv9o5,"Das ist recht eindimensional gedacht. 

Peru hat einen Kredit bekommen, demnach l√§uft das Geld zur√ºck. Sich mit China, der 2. gr√∂√üten Volkswirtschaft, gut zu stellen ist auch gar nicht so doof immerhin ist Handel was nettes.  Aktuell setzt man √ºbrigens die Zahlungen an Pal√§stina aus. 

Generell gebe ich dir schon recht, dass man wahrscheinlich mehr profitieren w√ºrde, wenn man das Geld innerhalb der EU h√§lt, aber die Aussagen, die du da getroffen hast, sind einfach zu plump und populistisch.",1,W0lfbat,2024-04-16
16,1c4qcrg,2024-04-15,kzsv6q6,"Klar, wir m√ºssen nur besser verwalten und das am besten mit weniger Personal und weniger Softwarekosten.

Solche Allgemeinpl√§tze sind wirklich jedes Mal eine Bereicherung f√ºr die Diskussion. Danke.

Verzeih mir den Sarkasmus.",5,Former_Star1081,2024-04-16
17,1c4qcrg,2024-04-15,kzv8g3h,"Also Sparen in die Krise rein. Da lacht der Br√ºning.

Und nein wir haben kein Einnahmeproblem. Da gebe ich dir Recht. Wir haben ein Problem damit Schulden zu machen und das ist die Folge von schlechter fiskalischer Bildung.",1,Former_Star1081,2024-04-16
18,1c4qcrg,2024-04-15,kztl8y5,"Ist irgendwie immer noch unglaublich was die Nazis aus den bescheidenen resourcen eines runtergewirtschafteten Landes an wehrf√§higkeit rausgezogen haben.

Und wir mit diesem riesigen Wehrbudget verwalten uns zu Tode.

Man muss ja auch beachten, dass wir nicht mal die Kosten eines Flugzeugtr√§gers oder Atomwaffen haben.

Ein paar Bote, Flugzeuge und ein stehendes Heer und nicht mal das kriegen wir hin.",1,jorgjorgensenjorgen,2024-04-16
19,1c4qcrg,2024-04-15,kzt3jnu,"[Entwicklungshilfe ](https://www.rnd.de/politik/entwicklungshilfe-wohin-und-wofuer-sie-fliesst-ein-ueberblick-FAEU6ZKL6FHINCLPF6YUGI3HTU.html#:~:text=Bruttoauszahlungen%20deutscher%20Entwicklungshilfe%202021&text=Auf%20Platz%20vier%20lag%20Afghanistan,der%20Jemen%20(398%20Millionen).), da sind sie in [2022](https://de.statista.com/statistik/daten/studie/165836/umfrage/empfaengerlaender-deutscher-entwicklungshilfe/) die dritte gr√∂√üte Empf√§nger, obwohl seit 2010 wird es nicht mehr offiziell als Entwicklungshilfe genannt",1,Major_Boot2778,2024-04-16
20,1c4qcrg,2024-04-15,kzt3ybr,"Siehe[hier](https://www.welt.de/wirtschaft/article241666987/Schwarzbuch-So-absurd-verschwendet-der-Staat-unsere-Steuergelder.html) da kannst dir dein Sarkasmus sonst wo hin schieben. Unser Land ist voll von solchen ""sinnvollen"" Ausgaben. Da braucht es nicht mehr Personal oder weniger Softwarekosten.

Auch die halbe Politiker mit ihren je 5-10 Beratern lassen sich ordentlich bezahlen, was nicht sein m√ºsste wenn wir direkt die Leute vom Fach nehmen w√ºrden f√ºr die jeweiligen Bereiche.

Edit: es gibt noch viel Verbesserungspotential mit den selben Mitteln die uns bereits zur Verf√ºgung stehen.",1,WooHooFokYou,2024-04-16
21,1c4qcrg,2024-04-15,kzt4sz2,"Ja es gibt Verschwendung. Es gibt Fehler. So ist das nunmal. Niemand ist perfekt.

Wie willst du menschliche Fehler ausl√∂schen? Das geht nicht.

Das Schwarzbuch der Steuerzahler ist sowieso ein Witz. Bei 100 exemplarischen F√§llen kommen die nicht auf ein besseres Beispiel als einem Planungs-/Baufehler eines Kreisel, der dann 75.000 Euro zum Beheben kostet? Ich bitte dich. Solche Dinge k√∂nnen immer und √ºberall passieren. Oder hast du bei dir auf Arbeit noch nie Fehler gemacht?

Ich empfehle auch dringend eine Quellenkritik bzgl. des Bundes der Steuerzahler. https://de.m.wikipedia.org/wiki/Bund_der_Steuerzahler_Deutschland

Also jetzt sag mir doch mal wie willst du daf√ºr sorgen, dass keine Planungs-/Baufehler mehr auftreten? Welches Instrument schwebt dir da vor?


Und ja, ich bin auch f√ºr eine gute, feste Personalstruktur mit m√∂glichst wenigen externen Beratern, aber dann stellen wir ja vielleicht tausende neue Beamte ein und der Bund der Steuerzahler l√§uft zusammen mit Springer Sturm gegen die ""Steuer-Verschwendung"".


Ich behaupte es gibt viel Verbesserungspotenzial, aber du kannst es nur sehr sehr schwierig heben. Wenn du mir konkret beantwortest, wie du das Verbesserungspotenzial identifizieren und systematisch heben m√∂chtest, bin ich schwer beeindruckt. Ich bezweifle aber, dass du das kannst. Ich kann es nicht und ich kenne auch niemanden, der es kann. Am Ende bleiben nur Allgemeinpl√§tze, die zu einer zielf√ºhrenden Diskussion nichts beitragen.",3,Former_Star1081,2024-04-16
22,1c4s0p8,2024-04-15,kzpmopw,"Was f√ºr ein egoistischer niederer Haufen! Wer Rettungskr√§fte mit so einem R√ºckst√§ndler-Handeln behindert, sollte mit dem oberen Bereich des Strafma√ü konfrontiert sein. Ich hab f√ºr so etwas nichts mehr √ºbrig au√üer Hass.",58,jukebox_ky,2024-04-15
23,1c4s0p8,2024-04-15,kzpmwog,Endlich etwas Effizienz in Berlin.,5,peppercruncher,2024-04-15
24,1c4s0p8,2024-04-15,kzpt2fu,[removed],21,,2024-04-15
25,1c4s0p8,2024-04-15,kzqxae9,"Material conditions. 

Wir k√∂nnen jetzt entweder weiter sagen, gut das sind Wilde, die kommen mit Recht und Ordnung nicht klar, die sollen sich verpissen. Oder man √ºberlegt, wie es √ºberhaupt dazu kommt, dass an solchen Orten zu Messerstechereien etc. kommt? K√∂nnte es sein, dass wir ein immer gr√∂√üer werdendes Problem mit Armut und daraus folgender Kriminalit√§t haben? K√∂nnte es sein, dass wenn ich 100 ""Biodeutsche"" junge M√§nner aus prek√§ren Verh√§ltnissen in Containern in ein Dorf in Niedersachsen unterbringe und nicht arbeiten lasse, diese sich genauso irgendwann sich die K√∂pfe einschlagen?

Oder wir gehen weiter davon aus, das sind Wilde, die kann man nicht zivilisieren.",12,Doafit,2024-04-16
26,1c4s0p8,2024-04-15,kzpmeu1,"Verst√†ndlich eigentlich von den Reaktionen der Leute und am Ende alles ""gut"". Der Artikel ist nur extrem schlecht geschrieben was mich vermuten l√§sst dass es sich um reinen ragebait handelt.",-23,Grummelyeti,2024-04-15
27,1c4s0p8,2024-04-15,kzpo883,"Naja, Hass ist nicht angebracht und auch irrational. Man sollte sich lieber √ºberlegen, wie man die Leute tats√§chlich strafrechtlich verfolgen kann.",13,Master-Piccolo-4588,2024-04-15
28,1c4s0p8,2024-04-15,kzppo2z,Hast du den Artikel gelesen?,6,HoldRein,2024-04-15
29,1c4s0p8,2024-04-15,kzq3gob,[removed],6,,2024-04-15
30,1c4s0p8,2024-04-15,kzqq7aa,[removed],8,,2024-04-15
31,1c4s0p8,2024-04-15,kzq2hsp,[removed],2,,2024-04-15
32,1c4s0p8,2024-04-15,kzsom2b,"Problem ist, dass diese durchaus rationale Denke zu keiner kurz- oder sogar mittelfristigen L√∂sungen bef√§higt. Es ist praktisch nicht umsetzbar auf einen Schlag ganz viele junge M√§nner in Lohn und Brot zu bringen und Jahre an kultureller Sozialisierung r√ºckg√§ngig zu machen. Die Lage ist, wie sie ist, und damit muss man einen Umgang finden.",4,Phlysher,2024-04-16
33,1c4s0p8,2024-04-15,kzstc8o,"Ich bezweifle, dass die Gruppe haupts√§chlich aus Gefl√ºchteten aus naher Vergangenheit besteht.",2,ratget2,2024-04-16
34,1c4s0p8,2024-04-15,kzrg65o,[deleted],0,,2024-04-16
35,1c4s0p8,2024-04-15,kzppun7,"Nee, wenn ich mit Herzinfarkt oder sonst was im Krankenwagen liege habe ich keinen Bock drauf das die anhalten muessen um zwei Idioten mitzunehmen weil die sich gegenseitig in den Arsch stechen.

Hilfskraefte zu noetigen geht ueberhaupt nicht.",22,farox,2024-04-15
36,1c4s0p8,2024-04-15,kzpo22f,Was genau meinst du damit?,6,Master-Piccolo-4588,2024-04-15
37,1c4s0p8,2024-04-15,kzpp3sz,"Rettungswagen mit Kameras ausstatten als Beweismaterial, Polizei den Vorfall kl√§ren lassen, die Patienten √ºber den geordneten Weg mit weiteren Krankenwagen abtransportieren. So wie es passiert ist, jedenfalls nicht. Solche Situationen sind Teil des Problems, wieso keiner mehr Bock hat, f√ºr irgend eine Art Zivilschutz zu arbeiten. Vor allem wenn man sich anschaut, wie damit umgegangen wurde. 

>Hass ist nicht angebracht und auch irrational

Doch, der ist in diesem Fall angebracht. Die Rettungskr√§fte und der Zivilschutz hat nicht auf diese Weise aufgerieben zu werden. So ein Verhalten ist sch√§ndlich.",38,jukebox_ky,2024-04-15
38,1c4s0p8,2024-04-15,kztboux,"Ja, strafrechtlich verfolgen aber mit Hass!",1,PenguinSwordfighter,2024-04-16
39,1c4s0p8,2024-04-15,kzppz8m,Ja hab ich,2,jukebox_ky,2024-04-15
40,1c4s0p8,2024-04-15,kzspizz,"Sag ich ja auch nix anderes. Aber der Tenor hier und allgemein ist ja ""Schiebt die Wilden ab!"" 

Wir m√ºssen realisieren, dass wir durch den Renteneintritt der Boomer wirtschaftlich komplett gefickt werden und nunmal selbst wenn wir heute alle anfangen w√ºrden 4 Kinder pro Frau zu bekommen, diese L√ºcke nicht mit 11 Mio 14 J√§hrigen schliessen k√∂nnen. Also entweder wir akzeptieren diese Tatsache und versuchen schnellstm√∂glich die Leute aus Armut und in Arbeit zu bekommen, zu ad√§quaten L√∂hnen, oder wir sind am Arsch. 
Und wie immer, das Geld ist da, wir trauen uns nur nach wie vor nicht es bei den richtigen zu holen. (Tipp: Nicht die B√ºrgergeldempf√§nger und Asylanten)",2,Doafit,2024-04-16
41,1c4s0p8,2024-04-15,kzsntuf,"Gegen Ausl√§nder sein, aber dann so schreiben.. Oder warst du SO w√ºtend, dass du dich in Rahe getippt hast? Ganz arg cringe...",-2,Doafit,2024-04-16
42,1c4s0p8,2024-04-15,kzprb1s,"Ich bezweifle, dass die sich gegenseitig niedergestochen haben.",-19,Blumenfee,2024-04-15
43,1c4s0p8,2024-04-15,kzppkhd,"Ich wei√ü nicht was der Artikel mir verklickern m√∂chte. Er geht auf die Wunde der ditten Person nicht ein und l√§sst offensichtlich Fragen offen.Warum hab es keinen 2ten Krankenwagen? Wussten die beteiligten das der Krankenwagen nicht f√ºr Sie dda war?.
 Und es wird √ºber irgendwelche verheimlichte Informationen der Polizei erz√§hlt  ohne Kontext zu geben. 

Die Headline soll mehr Wut erzeugen als der Artikel eigentlich vermittelt also Ragebait (clickbait + Rage)",3,Grummelyeti,2024-04-15
44,1c4s0p8,2024-04-15,kzppeoi,"Hass ist angebracht? Sagt viel √ºber dich aus. W√ºrde die Typen auch gerne wegsperren, aber ich empfinde dabei vielleicht dann genugtuung, wenn es geht, aber sicher kein Hass. Der frisst nur DICH von innen auf und niemanden sonst.",-27,Master-Piccolo-4588,2024-04-15
45,1c4s0p8,2024-04-15,kzst7xu,"Wie kommst du darauf, dass ich was gegen ""Ausl√§nder"" habe?",1,ratget2,2024-04-16
46,1c4s0p8,2024-04-15,kzpv4pk,Ach so. Ja dann.... wzf???,8,farox,2024-04-15
47,1c4s0p8,2024-04-15,kzpvm51,Wieso bezweifelst du das? Ist die wahrscheinlichste Erkl√§rung.,-1,superurgentcatbox,2024-04-15
48,1c4s0p8,2024-04-15,kzq22hd,"Ne, eigentlich enth√§lt der Artikel alle notwendigen Informationen. Deine Fragen allerdings machen den Eindruck als wolltest Du die Handlungen der 50 (!) M√§nner relativieren.",5,Master-Piccolo-4588,2024-04-15
49,1c4s0p8,2024-04-15,kzty2y2,K√∂nnt ihr alle nicht lesen oder wat? Zwei Typen stechen sich Gegenseitig in den Arsch. Ihre d√§mlichen Freunde geraten in Hysterie und statt selbst den Notruf zu rufen sehen sie einen Krankenwagen im Einsatz vorbeifahren und halten diesen auf. Der leidtragende ist der arme Kerl der schon vorher im Wagen lag und mit dem Vorfall nichts am Hut hat. So schwer zu verstehen?,1,Messerjocke_L,2024-04-16
50,1c4s0p8,2024-04-15,kzso396,Recht hast du.,0,Phlysher,2024-04-16
51,1c4s0p8,2024-04-15,kzsscab,"Welche Strafe f√ºrchten diese Menschen? 
1. Werden Sie nicht verurteilt, weil irgend ein linker Richter glaubt hier f√§nde eine Opfer Umkehr statt und es sei die Aufgabe der Gesellschaft diese Leute zu integrieren, ein Wort das jegliche Bedeutung verloren hat. 
2. Selbst wenn sie mit dem minimalen Strafma√ü ""bestraft "" werden ist es ein absoluter Witz. Bew√§hrung, nette Gespr√§che mit einem Psychologen, und vielleicht ein Jahr Gef√§ngnis. Gef√§ngnis dieser schreckliche Ort? Beheitzt,  essen und Fernsehen? Wir behandeln Obdachlose schlimmer. 
3. Angst vor sozialen Konsequenzen? B√ºrgergeld Streichungen? Und nebenbei schwarz arbeiten. Wozu brauchen die ein F√ºhrungszeugnis? 

Also du kannst das Strafma√ü im witzebuch so hoch setzen wie du willst und Ihnen mit hotel mit Stahl Gardinen drohen, ABER diese Menschen haben im vollen Bewusstsein einen anderen Menschen so sehr verletzt das er an den Folgen sterben kann UND hindern andere daran diesen zu retten. Und mit diesen Menschen hast du Mitleid? Das h√§ltst du f√ºr tragbar f√ºr eine Gesellschaft? 
Wenn ja, dann bitte nimm diese Individuen mit und diskutiere es ganz beherzt weit weg von uns anderen aus . Schreib eine Postkarte wie es ausgegangen ist.",0,Peppermintpirat,2024-04-16
52,1c4s0p8,2024-04-15,kzpvvrr,Weil ein Dritter beteiligt war und die dann nicht den selben Krankenwagen nehmen w√ºrden.,-1,Blumenfee,2024-04-15
53,1c4s0p8,2024-04-15,kztmxaz,">ABER diese Menschen haben im vollen Bewusstsein einen anderen Menschen so sehr verletzt das er an den Folgen sterben kann UND hindern andere daran diesen zu retten.

Laut Artikel gab es bei einer Messerstecherei zwei Verletzte, und der ""Mob"" wollte, dass ein   vorbeifahrender Krankenwagen diese beiden mitnimmt.

Und dieser Krankenwagen war halt schon belegt und wurde von dem Mob blockiert. Ja, das ist ein extrem beschissenes Verhalten, keine Frage.

Aber es ist NICHT so, dass diese Menschen jemand verletzt haben UND DANN versucht haben, dessen abtransport zu verhindern.

(Ich will das hiermit keineswegs entschuldigen, sondern nur den Sachverhalt kl√§ren.)",2,nyctalus,2024-04-16
54,1c4s0p8,2024-04-15,kzttmag,"Krass wie manche Leute hier Sachen aufbauschen und ellenlange Texte verfassen ohne √ºberhaupt gelesen zu haben. So schnell geht's mit den ""Fake news"". Besetztes Rettungsfahrzeug aufhalten geht nat√ºrlich gar nicht. Die Intention dahinter war aber auch nur Hilfe rufen. Man kann hier der Masse h√∂chstens Dummheit unterstellen. Bu√ügeld sollte auch unbedingt verh√§ngt werden in der Hoffnung dass es in Erinnerung bleibt und man mit einem Notfall k√ºnftig rational umgeht. 
Bin bei Hass oft ganz vorne mit dabei, macht halt manchmal Spa√ü. In dem Fall aber halt genauso d√§mlich wie die hysterische Menge die den Verkehr lahmlegt.",2,Messerjocke_L,2024-04-16
55,1c3qxb5,2024-04-14,kzimpvo,"Unterwanderung. Das ist ne uralte Strategie. Dumm nur dass die Leute d√§mlich genug sind, solche Leute zu w√§hlen.",96,R3stl3SSW4rr1or,2024-04-14
56,1c3qxb5,2024-04-14,kziw2mv,"Ich bin Fotograf und als solcher an Schulen in sechs Bundesl√§ndern unterwegs um Klassenfotos und Portraits zu erstellen. Sehe den ‚ÄûSchweigefuchs‚Äú und den erhobenen Zeigefinger inzwischen auf sehr vielen Klassenfotos. Bin so froh nicht mehr den Hitlergru√ü zu sehen, und jetzt das! Wirklich sehr schade und auch ein bisschen Besorgniserregend.",34,Outrageous-Good-3263,2024-04-14
57,1c3qxb5,2024-04-14,kzim2cw,"Paywallumgehung:

https://web.archive.org/web/20240412162236/https://www.welt.de/politik/deutschland/article251008558/Tuerkische-Rechtsradikale-Zehnmal-Gruss-der-Grauen-Woelfe-gezeigt-und-nun-kommunale-SPD-Kandidatin.html",7,GirasoleDE,2024-04-14
58,1c3qxb5,2024-04-14,kziwhye,Aktueller Bundestagsabgeordneter und ehemaliger Landesvorsitzender hat mit denen das [Fastenbrechen gefeiert.](https://www.focus.de/panorama/fastenbrechen-bei-grauen-woelfen-spd-tross-besucht-tuerkische-rechtsextremisten-partei-spricht-von-folgenschwerer-verwechslung_id_259851873.html),7,PresidentSpanky,2024-04-14
59,1c3qxb5,2024-04-14,kziyudp,"Schon interessant, Rechtsextremismus scheint nur ein Problem zu sein, wenn es von deutscher Seite ausgeht. Bei ausl√§ndischen Rechtsextremen und Ultranationalen schaut man weg. Das mit den grauen W√∂lfen ist schon seit etwa 20 Jahren ein auff√§lliges Problem. Aber scheint ja nicht einmal die SPD zu interessieren‚Ä¶",13,JenZ0Id,2024-04-14
60,1c3qxb5,2024-04-14,kzjh2jp,"Mal kurz recherchiert: Die zwei genannten Personen kandidieren auf Platz 14 und 23. Die Fraktion hat aktuell 5 Mitglieder. Werden also sehr sicher nicht im Gemeinderat landen.

Jetzt ist es der SPD √ºberlassen, sich so schnell wie m√∂glich von diesen Menschen zu trennen. Dadurch zeigt sich, ob es wirklich einfach Unwissenheit war oder ob man das wissentlich in Kauf genommen hat, um t√ºrkische Stimmen zu ""erkaufen"".

Welche Motivation die beiden vermeintlichen grauen W√∂lfe aber haben, in der SPD zu sein, erschlie√üt sich mir nicht ...",5,ApplicationUpset7956,2024-04-14
61,1c3qxb5,2024-04-14,kzjgwmx,"Die SPD hat ein H√§ndchen f√ºr ""kontroverse"" Mitglieder.
Die Hate Speech Expert:In von denen ist aus einem libanesischen Clan der dreimal abgeschoben und wieder aufgetaucht ist. Bis zur Duldung, danach Sozialhilfe.",3,Defiant_Cycle8643,2024-04-14
62,1c3qxb5,2024-04-14,kziugmv,"Darf man die SPD, oder wenigstens den Kommunalverband, nun als (in Teilen) gesichert rechtsextrem bezeichnen?",4,Difficult_Screen_950,2024-04-14
63,1c3qxb5,2024-04-14,kzj3zob,Sieht aus wie der Metal gru√ü wtf,2,Qgelfang,2024-04-14
64,1c3qxb5,2024-04-14,kzirkz5,Sieht aus wie der Schweigefuchs.,0,Ex_aeternum,2024-04-14
65,1c3qxb5,2024-04-14,kztbi5i,"√úberrascht mich nicht‚Ä¶

SPD hat doch sogar den Pr√§sidenten der Grauen W√∂lfe (Bekir Yilmaz) als Mitglied.¬†

Um schneller zu dem Abschnitt zu kommen, sucht in dem Artikel nach seinem Namen.

https://www.berliner-zeitung.de/politik-gesellschaft/ard-und-zdf-bei-demos-gegen-rechts-so-viele-politiker-wurden-im-januar-zufaellig-befragt-li.2182397

Die SPD kl√ºngelt schon l√§nger mit denen herum.¬†

https://www.nzz.ch/international/hamms-spd-oberbuergermeister-pflegt-enge-kontakte-zu-anhaengern-der-grauen-woelfe-ld.1752402

W√ºrde erkl√§ren warum unsere Innenministerin ein Verbot der Grauen W√∂lfe bis heute (gut 2 Jahre) nicht umgesetzt hat und auch sonst nicht wirklich etwas gegen dergleichen Gruppierungen tut.

Hier ein passender leicht abgewandelter Orwell:¬†
‚Äúalle Rechstradikalen sind gleich, aber manche sind gleicher als die anderen‚Äú


Von 2020
https://www.spiegel.de/politik/deutschland/bundestag-laesst-verbot-der-grauen-woelfe-pruefen-a-709aeea3-1144-428e-8c2a-ee7f5230bffb

Von 2023¬†

https://www.derstandard.de/story/3000000181920/deutsche-politiker-wollen-verbot-der-grauen-w246lfen-ernsthaft-pr252fen

https://www.tagesspiegel.de/politik/dringender-handlungsbedarf-fraktionen-fordern-nochmals-verbot-der-grauen-wolfe-10270891.html

Nachdem auch nix gegen die Erdogan Partei DAVA unternommen wird au√üer ein bisschen halbherziges ¬†‚ÄúGeblubber‚Äù in Richtung Erdogan ‚Ä¶ und das obwohl selbst unser gr√ºner √ñzdemir vor denen gewarnt hat‚Ä¶ sollte uns zu denken geben was die SPD und ihre Gesinnung betrifft.¬†",0,Ihrai,2024-04-16
66,1c3qxb5,2024-04-14,kzivby8,"Nein nein, das sind einfach nur Metalfans. Die SPD und die Gr√ºnen sind die guten, habt ihr das vergessen? Es gibt nur woanders Populisten. Entweder seid ihr der Meinung von SPD und Gr√ºnen oder Nazis und Populisten. Es gibt nur diese beiden Wege.",-14,CTN_23,2024-04-14
67,1c3qxb5,2024-04-14,kzimypw,Sie gehen sogar f√ºr diese Parteien demonstrieren.¬† Rechtsextreme sind nur in der Opposition ein Problem.,20,CourageKey747,2024-04-14
68,1c3qxb5,2024-04-14,kzjs630,"Das w√ºrden doch nur #AfD W√§hler sagen /s

Aber ja, so ist es wirklich. Heutzutage traut mich sich gar nicht mehr so etwas √∂ffentlich anzuprangern, weil man dann gleich in die Nazi Ecke geschoben wird oder einem #AfD n√§he zu geschrieben wird. Ich bin auch sehr von der Presse entt√§uscht, dass so etwas nicht mehr thematisiert wird. Ich mache mir mittlerweile echt sorgen. Jetzt die Sache mit Israel und Iran, das wird noch schlimm werden in Deutschland, weil der Konflikt ist mitten in unserer Gesellschaft. Warum k√∂nnen sich nicht einfach alle lieb haben??",2,Zzyxzz,2024-04-14
69,1c3qxb5,2024-04-14,kzngxvh,"Der erhobene Zeigefinger hat aber nichts mit Extremismus zu tun. Klar, wird dieser auf von Islamisten verwendet, aber das ist eben nicht der Ursprung. Da sollte man schon bei der Realit√§t bleiben.",1,BlenderNoob1337,2024-04-15
70,1c3qxb5,2024-04-14,kzkaj2l,"Ich will das mitnichten verharmlosen, aber Sch√ºler wissen nicht, was sie tun. Die sind in der Regel v√∂llig unpolitisch, aber stark durch ihr Umfeld beeinflusst.",-8,Master-Piccolo-4588,2024-04-14
71,1c3qxb5,2024-04-14,kzmywvz,Stichwort Schuldkultur,1,Culentriel,2024-04-15
72,1c3qxb5,2024-04-14,kznafm7,"Da muss ich dir widersprechen. Die neue Rechte ist extrem gut international vernetzt, was auch immer wieder thematisiert wird. Auch die Tatsache, dass international immer mehr rechte und nationalistische Bewegungen an Popularit√§t gewinnen, wird ausgiebig diskutiert. Siehe zb die Wahlerfolge in Italien, Frankreich und Niederlande.
Was diesen Fall hier besonders macht, ist, dass die t√ºrkische Rechte selten mit den europ√§ischen Rechten kollaboriert, da die Bewegungen sich als Gegner ansehen. Ergo, unterwandern die t√ºrkischen Rechten migrantenfreundliche Organisationen in Deutschland.
Der Welt-Artikel ist eben auch ein Gegenargument gegen deine Behauptung, denn hier wird exakt das Thema problematisiert.
Man kann der SPD allerdings den Vorwurf machen, sich nicht erkundigt zu haben, wen sie da in den eigenen Reihen hat und mit wem sie sich an gleichen Tisch gesetzt hat.
Ich finde es aber sch√∂n, dass eine rechtskonservative Zeitung das Problem nationalistischer Unterwanderung thematisiert.",1,TheRealHanzo,2024-04-15
73,1c3qxb5,2024-04-14,kzk2lcs,"Opfermentalit√§t der schei√ü Kartoffeln ausnutzen um dieses Land zu Unterwandern und langsam aber sicher in ihre gew√ºnschte Form zu √ºberf√ºhren. Das beginnt auf Kreis- oder Gemeindeebene wo dann der bau der ersten Moschee mit einem genehmen Imam beschleunigt und ein ""Kulturzentrum"" eingerichtet werden kann. Mit dem kann man dann mehr auf die Tr√§nendr√ºse dr√ºcke um Stimmen zu sammeln, es als Feigenblatt der Normalit√§t verwenden oder eben durch Spendenaktionen etc Geld f√ºr andere, politisch offensichtlicher aufgestellte Organisationen, sammeln.",1,MIGundMAG,2024-04-14
74,1c3qxb5,2024-04-14,kznlqiz,Da ist der Daumen aber √ºber den Fingern bzw g√§nzlich ausgestreckt,1,Schville,2024-04-15
75,1c3qxb5,2024-04-14,kzj68zx,[removed],-7,,2024-04-14
76,1c3qxb5,2024-04-14,kzmvaqr,Und deswegen ist der Schweigefuchs inzwischen verp√∂nt (leider).,3,Next_Program90,2024-04-15
77,1c3qxb5,2024-04-14,kzj7b7z,Ist auch das selbe Zeichen,1,Leandroswasright,2024-04-14
78,1c3qxb5,2024-04-14,kziwav8,"Sind diese ""Gr√ºnen"" gerade mit uns im Raum?",4,Azetal,2024-04-14
79,1c3qxb5,2024-04-14,kzn5ema,"\> crypto, finanzen  

nat√ºrlich",0,Kakaphr4kt,2024-04-15
80,1c3qxb5,2024-04-14,kzinbq0,"Selbstverst√§ndlich verstehe ich deinen Kommentar. Trotzdem m√∂chte ich erw√§hnen, dass f√ºr mich Rechtsextreme immer und √ºberall ein Problem sind. Aber das sind alle anderen ~extremen auch.",20,R3stl3SSW4rr1or,2024-04-14
81,1c3qxb5,2024-04-14,kzj2crr,Einzelne Person vs ganze Partei. Dein Vergleich hinkt so derma√üen......,-8,Tokie_Bronson,2024-04-14
82,1c3qxb5,2024-04-14,kzjtowo,Weil SPD CDU/CSU usw. schon viele Jahre sich daf√ºr √∂ffentlich stark gemacht und eingesetzt haben.,1,1ceF0xX,2024-04-14
83,1c3qxb5,2024-04-14,kzoms5r,"Der erhobene Zeigefinger am angewinkelten Arm wurde erst durch den Islamischen Staat (IS) wieder popul√§r und steht hier f√ºr die ‚Äûtotale Vernichtung der westlichen Welt‚Äú. Am ausgestreckten Arm bedeutet er lediglich ‚ÄûAllah ist gro√ü‚Äú, was ja vollkommen in Ordnung ist. Beides hat aber nichts auf einem Kkassenfoto verloren.",2,Outrageous-Good-3263,2024-04-15
84,1c3qxb5,2024-04-14,kzksoh1,"Ich war in der Schule schon recht politisch, wenn auch mit linksextremer Gesinnung. Es ist zwar richtig, dass das Umfeld (auch in der Familie) das Verhalten der Kinder stark beeinflusst aber durchaus auch ihr politisches Denken und ihr ideologisches Weltbild. Ich habe die Hoffnung, dass viele dieser jungen Menschen sp√§ter ihre Einstellungen noch reflektieren wie ich, aber ich denke es ist schon etwas besorgniserregend, wenn so etwas an Schulen einfach durchgeht. Ich h√§tte f√ºr nen Hitlergru√ü sicher ziemlichen Anschiss bekommen.",4,koxi98,2024-04-14
85,1c3qxb5,2024-04-14,kzolvv7,Da gebe ich dir auf jeden Fall recht. Man muss da aber auch zwischen 5. Kl√§sslern und Sch√ºlern der Oberstufe unterscheiden.,1,Outrageous-Good-3263,2024-04-15
86,1c3qxb5,2024-04-14,kzjbns0,[removed],1,,2024-04-14
87,1c3qxb5,2024-04-14,kziu851,"Muss auch erw√§hnen, dass ich keine rechten Parteien w√§hle und W√§hlern raten w√ºrde, deren Programm genauer mit den eigenen √úberzeugungen zu vergleichen.¬†


Trotzdem ist mir eine faire und freie Demokratie wichtig.¬†",-3,CourageKey747,2024-04-14
88,1c3qxb5,2024-04-14,kzni1j7,"Sch√∂ner Hufeisenwurf! Denn w√§hrend rechtsradikale Menschen t√∂ten wollen. Wollen linksradikale die gleichen Rechte f√ºr alle Menschen.

Antifaschisten k√§mpfen gegen Faschismus. W√ºrde es keine rechtsradikalen geben. Dann g√§be es auch keine linksradikalen.
Oder ums mit den Worten einer bekannten Band zu sagen:"" Wir k√∂nnten uns um sch√∂ne Dinge k√ºmmern!""",-4,SoySorcerer161,2024-04-15
89,1c3qxb5,2024-04-14,kzjtas2,"Glaube darum geht es gerade. Da f√ºr linke ja nur die AfD rechtsextrem ist und nur die AfD, weshalb auch die sinnvollen Ideen AfD und somit Rechtsextremismus zu verbieten rum kursieren. Irgendwie dauernd solche Demos sind( und so verblendet wie man ist sich daf√ºr feiert), w√§hrend die rechten sich lustig dar√ºber machen und weiteren Zulauf bekommen.",4,1ceF0xX,2024-04-14
90,1c3qxb5,2024-04-14,kzk4lej,Ist sie die einzige?,5,R3stl3SSW4rr1or,2024-04-14
91,1c3qxb5,2024-04-14,kzl433n,"Die AfD hat nicht als Nazipartei angefangen, ganz am Anfang waren sie protektionistische Anti-Europartei, insofern ist schon relevant entsprechende Einfl√ºsse zu erkennen und zu thematisieren bevor da eine Entwicklung einsetzt.",1,Opening_Wind_1077,2024-04-14
92,1c3qxb5,2024-04-14,kznk173,"In der Regel beginnt das allerdings erst in einem h√∂heren Alter. Wenn wir von Schule sprechen, reden wir von Kindern/Jugendlichen von 7-18 Jahren. 

Ich habe erst mit ca 15 begonnen wirklich in ein politisches Spektrum einzutauchen, davor war ich unpolitisch, wie wohl die meisten (mit Tendenzen je nach Umfeld). Allerdings bin ich schon davor auf ideologische Rhetorik hereingefallen ‚Ä¶ ich denke darauf wollte auch Master_Piccolo hinaus",2,BreadfruitStraight81,2024-04-15
93,1c3qxb5,2024-04-14,kzooh3c,"F√ºr den Hitlergru√ü haben die von mir auch immer einen ordentlichen Anschiss bekommen. Wollte das dann auch so beim Schweigefuchs handhaben, was aber leider zu massiven Bedrohungen gef√ºhrt hat! Inzwischen sage ich nur noch ‚Äûbitte keine politischen oder religi√∂sen Gesten‚Äú. Wird aber selten akzeptiert! Hier kam es schon zu kurzfristig einberufenen Konferenzen der Schulleitung, u.A. weil ich nach dem Unterricht abgepasst wurde. Das war in zwei F√§llen sehr be√§ngstigend.",1,Outrageous-Good-3263,2024-04-15
94,1c3qxb5,2024-04-14,kzjccvz,[removed],1,,2024-04-14
95,1c3qxb5,2024-04-14,kzldjyp,Demokratie abschaffende Extreme sind nicht wichtig f√ºr eine Demokratie! Stichwort Toleranzparadox,4,ElevatorNew914,2024-04-14
96,1c3qxb5,2024-04-14,kznnehm,">Denn w√§hrend rechtsradikale Menschen t√∂ten wollen. Wollen linksradikale die gleichen Rechte f√ºr alle Menschen.

Komisch nur dass sobald Linkradikale an die Macht kommen genau so viele Menschen get√∂tet werden wie wenn rechtsradikale an die Macht kommen.",6,Over-Pudding-3206,2024-04-15
97,1c3qxb5,2024-04-14,kznl61q,"Nja so ganz stimmt das nicht. Wenn Linke Nazis t√∂ten wollen dann sind das auch Menschen. Gleiche Rechte w√ºrden in dem Kontext auch bedeuteten, das sie eben diese Nazis nicht angreifen oder t√∂ten d√ºrften.

>W√ºrde es keine rechtsradikalen geben. Dann g√§be es auch keine linksradikalen.

Ne so funktioniert das leider gar nicht. Linksradikale Gedanken, h√∂ren ja nicht auf zu existieren nur weil es keine Faschisten oder rechtsradikalen mehr gibt.

Viele von diesen Personen w√ºrden nicht aufh√∂ren f√ºr den Sozialismus oder die Revolution zu k√§mpfen wenn es keine Nazis mehr gibt.

Au√üerdem sind Linksextremisten ‚â† Linksradikale.",3,NilsvonDomarus,2024-04-15
98,1c3qxb5,2024-04-14,kznwn6y,Bestes Beispiel f√ºr linksradikale Menschenliebe ist wohl die UdSSR...,3,Otto-Von-Bismarck71,2024-04-15
99,1c3qxb5,2024-04-14,kzop7or,multikulti bereicherung halt,1,GaLiGrueGoeGa,2024-04-15
100,1c3qxb5,2024-04-14,kzjfdzn,[removed],1,,2024-04-14
101,1c3qxb5,2024-04-14,kznhdmx,Wie¬†schaffen¬†sie¬†Demokratie¬†ab?,1,CourageKey747,2024-04-15
102,1c3qxb5,2024-04-14,kznm18i,"Naja wenn du den Kontext erw√§hnst dann muss man das auch komplett betrachten.
Der Satz gleiche Rechte f√ºr alle ist ja immer nur eine Verk√ºrzung des Satzes: Gleiche Rechte f√ºr alle, au√üer f√ºr jene die diese Rechte abschaffen wollen.

Das Toleranzparadoxon wen Nazis an die Macht kommen und die Demokratie abschaffen dann sollte man vorher diese Nazis aus dem demokratischen Prozess ausschlie√üen da sie Demokratiefeinde sind.

Oder √ºbertragen auf die individuelle Ebene. Schauen wir uns Rostock Lichtenhagen 92 an. W√§ren Antifaschisten nicht eingeschritten und h√§tten die Nazis angegriffen, h√§tten diese danach die Asylantenheime niedergebrannt. Gewalt gegen Nazis ist also nichts das kategorisch abzulehnen ist.",0,SoySorcerer161,2024-04-15
103,1c3qxb5,2024-04-14,kznn5g1,">Naja wenn du den Kontext erw√§hnst dann muss man das auch komplett betrachten.
Der Satz gleiche Rechte f√ºr alle ist ja immer nur eine Verk√ºrzung des Satzes: Gleiche Rechte f√ºr alle, au√üer f√ºr jene die diese Rechte abschaffen wollen.

Das kannst du so f√ºr dich formulieren ist aber nixht der Anspruch universalisticher Menschenrechte. Ich wei√ü nicht wo du die Idee her hast aber Rechte Gelten auch dann wenn du sie abschaffen m√∂chtest, Unsere Rechtsstaatlichkeit gilt auch f√ºr alle Feinde eben dieser. W√ºrde man da eine Unterscheidung treffen w√§ren der Gedanke sinnlos da man diesen ja sehr einfach aushebeln kann. 


>Das Toleranzparadoxon wen Nazis an die Macht kommen und die Demokratie abschaffen dann sollte man vorher diese Nazis aus dem demokratischen Prozess ausschlie√üen da sie Demokratiefeinde sind

Das Toleranzparadoxon besagt nur das es ein Problem gibt wenn du auch gegen√ºber Intoleranz, tolerant sein willst.

Auch wenn unsere Verfassung M√∂glichkeiten bietet sich gegen die Feinde eben dieser zu wehren, besagt keine davon das man seine Grundrechte verliert. Schon gar nicht Menschenrechte und auch keine Rechstaatlichkeit ganz im Gegenteil. 

>Oder √ºbertragen auf die individuelle Ebene. Schauen wir uns Rostock Lichtenhagen 92 an. W√§ren Antifaschisten nicht eingeschritten und h√§tten die Nazis angegriffen, h√§tten diese danach die Asylantenheime niedergebrannt. Gewalt gegen Nazis ist also nichts das kategorisch abzulehnen ist.

Notwehr ‚â† Angriffe und Einzelf√§lle bieten keine Systematik, genauso gut k√∂nnte man das Beispiel Lina E. Als Gegenargument f√ºhren. Aber in der eigenen Logik ist das ein Wiederspruch.",1,NilsvonDomarus,2024-04-15
104,1c3cq0n,2024-04-13,kzfysm4,"Blog:

>Ein massiver Drohnenangriff aus Iran ist im Gange. Die Flugk√∂rper sollen gegen 2 Uhr Israel erreichen. Offenbar hat Teheran nun auch Raketen losgeschickt, deren Flugzeit deutlich k√ºrzer ist. Die News. 

https://www.spiegel.de/ausland/nahost-news-iran-will-auch-marschflugkoerper-auf-israel-abgefeuert-haben-a-b3901145-398d-40d0-b288-7b99699e0c13",5,GirasoleDE,2024-04-13
105,1c3cq0n,2024-04-13,kzgb009,"> 00:25 Uhr  
> **Israels Milit√§r warnt Bewohner der Golanh√∂hen**
> 
> Die Bewohner der Golan-H√∂hen, von Newatim, Dimona und Eilat sollen sich nach Angaben des israelischen Milit√§rs bereithalten, falls notwendig Schutz zu suchen.

https://www.tagesschau.de/newsticker/liveblog-nahost-samstag-124.html

> 00:31 Uhr    
> **Hisbollah feuert nach eigenen Angaben Raketen auf israelisch besetzte Golanh√∂hen ab**
>
> Zeitgleich mit dem iranischen Luftangriff auf Israel hat die Hisbollah-Miliz im Libanon Raketen auf die israelisch besetzten Golanh√∂hen abgefeuert. Die mit dem Iran verb√ºndete Miliz teilte mit, sie habe einen israelischen Armee-St√ºtzpunkt auf den Golanh√∂hen mit ¬ªDutzenden Raketen von Typ Katjuscha¬´ angegriffen. 
> Das israelische Milit√§r wies die Bewohner der Golanh√∂hen von Newatim, Dimona und Eilat an, sich bereitzuhalten und falls notwendig, Schutz zu suchen. 

> 00:45 Uhr  
>**Huthis feuern offenbar auch Drohnen Richtung Israel**
>
Die auf maritime Sicherheit spezialisierte Firma Ambrey erkl√§rte, die Huthi-Milizen h√§tten ¬ªin Abstimmung mit dem Iran¬´ Drohnen in Richtung Israel abgefeuert. M√∂gliche Ziele seien H√§fen, teilte das Unternehmen mit. Es warnte vor ¬ªKollateralsch√§den¬´ f√ºr die Schifffahrt. 

SPON Ticker",3,goto-reddit,2024-04-14
106,1c3cq0n,2024-04-13,kzhszc3,"Ja ganz toll. Man darf aber nicht die kausale Kette der Ereignisse vergessen: Terroranschlag der Hamas auf Israel, Israel greift Hamas an und die unterst√ºtzenden Milizen im Ausland, wobei die iranische Botschaft getroffen wird und jetzt haben die Iraner einen Grund geliefert bekommen einmal selbst zu schiessen.

Man kann nur hoffen, dass da jetzt nicht noch mehr kommt. Biden will ja √ºber G7 auch darauf ‚Äûantworten‚Äú.",8,Master-Piccolo-4588,2024-04-14
107,1c3cq0n,2024-04-13,kzh47gl,"> 02:36 Uhr  
> **Milit√§rsprecher: Nur wenige Raketen in Israel eingeschlagen**
> 
> Der Iran hat bei seinem Gro√üangriff auf Israel nach Angaben des israelischen Milit√§rs rund 200 Drohnen und Raketen eingesetzt. Darunter seien Dutzende Boden-Boden-Raketen, sagte Armeesprecher Daniel Hagari. ""Die gro√üe Mehrheit der Raketen wurde von unserer Raketenabwehr noch au√üerhalb der Grenzen Israels abgefangen"", sagte Hagari. Nur eine kleine Anzahl von Raketen sei auf israelischem Gebiet eingeschlagen. Dabei sei ein M√§dchen verletzt worden. Au√üerdem wurde Hagari zufolge eine Milit√§rbasis im S√ºden des Landes getroffen und leicht besch√§digt.
> 
> Israelische Kampfflugzeuge h√§tten mehr als zehn iranische Marschflugk√∂rper au√üerhalb des israelischen Staatsgebiets abgefangen, erkl√§rte der Milit√§rsprecher. Dutzende unbemannte Flugk√∂rper seien ebenfalls au√üerhalb von Israel gestoppt worden. ""Das Ereignis ist noch nicht vorbei"", sagte Hagari. Es w√ºrden noch Drohnen abgefangen, auch Raketenangriffe seien weiterhin m√∂glich. Dutzende Flugzeuge seien noch in der Luft. Die Armee unternehme alles Notwendige, um die B√ºrger Israels zu sch√ºtzen. 

https://www.tagesschau.de/newsticker/liveblog-nahost-samstag-124.html",2,goto-reddit,2024-04-14
108,1c3cq0n,2024-04-13,kzhsuxk,"Na ja. Was haben die erwartet, nachdem die ein Konsulat gebombt haben... Blumen?",2,Ok_Injury4529,2024-04-14
109,1c3cq0n,2024-04-13,kzgap7z,">Israelische Offizielle sagten Medien jedoch, es g√§be keine Anzeichen f√ºr ballistische Raketen aus Iran.

---
**[edit]**

>Israelisches Milit√§r best√§tigt nach Luftalarm in mehreren Regionen des Landes nun doch, dass Iran ballistische Raketen auf Israel abgefeuert hat. Zuvor hatte Israel dies dementiert. (Eintrag unten)",2,goto-reddit,2024-04-14
110,1c3cq0n,2024-04-13,kzgns4z,"Weitere Liveblogs:

https://www.tagesschau.de/newsticker/liveblog-nahost-samstag-124.html (beendet)

https://www.t-online.de/nachrichten/ausland/internationale-politik/id_100381282/nahost-krieg-iran-das-boshafte-regime-wird-bestraft-.html

https://www.welt.de/politik/ausland/article251019758/Krieg-in-Nahost-Iran-hat-Drohnenangriff-auf-Israel-gestartet.html

https://taz.de/-Eskalation-im-Nahostkrieg-/!6004229/",1,GirasoleDE,2024-04-14
111,1c36ld8,2024-04-13,kzen8la,">Die Befunde des Verfassungsschutzes, die bevorstehende Landtagswahl und deren Bedeutung f√ºr die politische Landschaft der Bundesrepublik waren f√ºr WELT AM SONNTAG Anlass, sich genauer anzusehen, mit welchen Kandidaten die AfD in den Wahlkampf zieht. (...)
>
>2016 vertrat [Joachim] Keiler noch den Bundesvorstand um die gem√§√üigte Ex-Vorsitzende Frauke Petry in einer parteiinternen Streitsache gegen die extrem rechte Patriotische Plattform. Nur wenig sp√§ter r√ºckte Keiler selbst weit nach rechts. 2018 verkl√§rte er den bis 1943 hitlertreuen Offizier Erwin Rommel als fair und menschlich. Ein Jahr sp√§ter √ºbertrieb er in einer Pressemitteilung die Todeszahl der durch alliierte Bomben in Dresden und Chemnitz get√∂teten Sachsen auf bis zu ‚ÄûHunderttausende‚Äú. Auf Anfrage sagt Keiler, der Zahl der Kriegstoten sei er bei Genehmigung der Erkl√§rung nicht nachgegangen. Er sehe aber keinen Anlass, den Text zu korrigieren. (...)
>
>Er gibt auf der Internetseite des Landtags kryptisch eine ‚ÄûPromotion an der KUL im Staatsrecht‚Äú im Jahre 2013 an. Titel oder n√§here Informationen: Fehlanzeige. Wer mehr erfahren will, muss in den Osten Polens reisen. In einem kleinen Leseraum der Katholischen Universit√§t Lublin (KUL) liegt sie aus, die offenbar einzige Kopie des mysteri√∂sen Werks. Publiziert, wie in Deutschland √ºblich, wurde die Dissertation nie. Der Titel: ‚ÄûVerfassungsgrunds√§tze des Staatskirchenrechts der Bundesrepublik Deutschland‚Äú. Ein bemerkenswertes Thema f√ºr einen, der im Steuerrecht zu Hause ist. Bei Durchsicht der Arbeit f√§llt auf, dass teils schlampig zitiert wurde. Eine Passage √ºber zwei Abs√§tze hinweg findet sich wortgleich bei Wikipedia. Dem Vorwurf, ein Plagiator zu sein, tritt der AfD-Mann entgegen. In einer Antwort auf mehrere Fragen dieser Zeitung, mit Anlagen 30 Seiten, weist er auf die hohen Anforderungen der KUL hin. Als Zitat h√§tte er die Passage nicht kennzeichnen m√ºssen, sagt er. Diese seien nicht ‚Äûthematisch relevant‚Äú gewesen. Es k√∂nne schon sein, dass er das ‚Äûeine oder andere Staatskonkordat‚Äú bei Wikipedia nachgeschlagen habe. (...)
>
>Das Ex-SED-Mitglied [Ulrich] Oehme ist auf vielf√§ltige Weise mit Russland verbunden. So reiste er 2018 als ‚ÄûWahlbeobachter‚Äú auf die rechtswidrig annektierte Krim. Seine Reise hatte sich Oehme von der Staatsduma sponsern lassen. Wie er selbst mitteilte, wurde ihm im Mai 2019 vom Kreml-nahen Moskauer Institut f√ºr Weltzivilisationen der Titel ‚ÄûProfessor honoris causa‚Äú verliehen. Die unbefugte Nutzung akademischer Grade ist strafbar. Oehme duldet mindestens, dass er in Unterlagen des Vereinsregisters st√§ndig als ‚ÄûProf.‚Äú bezeichnet wird, obwohl er nur ‚ÄûProf. h.c.‚Äú ist ‚Äî ein schmaler Grat. Im Sinne Putins sieht Oehme offenbar den Westen als Kriegstreiber. Auf Facebook verk√ºndet er: ‚ÄûDie EU ist kein Friedensstifter, nein, sie eskaliert diesen Krieg und nimmt einen globalen Fl√§chenbrand in Kauf.‚Äú (...)
>
>[Jonas] D√ºnzel, seit Januar vergangenen Jahres Chef des AfD-Kreisverbandes Zwickau, hat die Funktion eines Scharniers zwischen Jugendorganisation und Establishment. In der Partei der vorwiegend √§lteren M√§nner ist er die Stimme des Nachwuchses. Auf Facebook folgen ihm mehr als 60.000 Fans, die er an seinem Familienleben mit Frau und Kindern teilnehmen l√§sst. Sein Modus dort: Dauererregung. Bei der JA ist er wegen seiner drastischen Aussagen beliebt ‚Äî und auch in den sozialen Medien. Dort spielt er etwa mit fragw√ºrdigen Kostenaufstellungen Rentner gegen Fl√ºchtlinge aus. Meist wendet er sich an die ‚Äûmutigen, jungen Patrioten‚Äú und sagt, er sei ‚Äûstolz darauf, ein Teil dieser Gemeinschaft zu sein‚Äú. F√ºr die Verfassungssch√ºtzer im Freistaat stellt die AfD-Jugend hingegen eine Gefahr f√ºr die freiheitlich-demokratische Grundordnung dar. Deshalb haben sie die JA Sachsen (‚ÄûJugend. Heimat. Widerstand‚Äú) bereits im April 2023 als eine ‚Äûrechtsextremistische Bestrebung‚Äú eingestuft ‚Äì schon acht Monate vor der Landespartei. (...)
>
>Arthur √ñsterle ist ein Bindeglied zwischen rechtsextremen Lokalmilieus im Erzgebirge und der AfD. Diese Verbindung k√∂nnte ihm nun ein Mandat im Landtag bescheren. Auf seiner privaten Facebook-Seite teilt er Fotos, die ihn in den Vereinsr√§umen der ‚ÄûHeimattreue Niederdorf‚Äú zeigen. Deren Vorsitzender wird vom s√§chsischen Verfassungsschutz als rechtsextrem eingestuft. 2018 hatte der Verein in seinen R√§umen Miniaturen sogenannter ‚ÄûCorona-Galgen‚Äú ausgestellt, die das Erh√§ngen von Regierungspolitikern symbolisieren. (...)
>
>Immer wieder sorgt er f√ºr Schlagzeilen, etwa in schwarzem Mantel und wei√üer ‚ÄûOrdner‚Äú-Armbinde bei Demonstrationen von Rechtsextremen. Fotos zeigen ihn zudem als Teilnehmer eines Aufmarschs der neonazistischen Partei Der III. Weg oder auf den Stufen des Reichstagsgeb√§udes inmitten des Querdenker-‚ÄûSturms‚Äú im August 2020. √ñsterle behauptet, er habe zuf√§llig auf den Treppen gestanden, beim III. Weg sei er nur ‚ÄûBeobachter‚Äú gewesen. 

(*Welt am Sonntag.* 14. April 2024, S. 13 ff.; online hinter Paywall: https://www.welt.de/politik/deutschland/plus250948186/AfD-in-Sachsen-Wie-ein-verurteilter-Polizist-ein-falscher-Professor-und-ein-verstossener-Jurist-um-Mandate-kaempfen.html)",8,GirasoleDE,2024-04-13
112,1c36ld8,2024-04-13,kzfjsp4,"Ich bin ja schon fast ‚Äûpositiv‚Äú erstaunt, dass so ein Artikel in der Welt erscheint!",9,Pandenhir,2024-04-13
113,1c3vrv5,2024-04-14,kzkj9fw,"Es stimmt alles grunds√§tzlich, also dass die Netzkosten steigen, dass die Kosten f√ºr Flexibilit√§t steigen werden, etc.

Leider l√§sst der Artikel den wesentlichsten Punkt aus: Der Strompreis wird vom Gaspreis gesetzt und der ist hoch, weil wir kein Gas aus Russland bekommen.

Wenn wir im √ºbrigen mal auf andere gro√üe Industrienationen schauen, also eig. nur die USA, dann haben die eigenes Gas und keinen Emissionshandel. Deshalb ist deren Preis so niedrig. End of story. Alles andere ist Beiwerk. Schauen wir noch auf Frankreich, die mit viel Atomkraft auf eine andere Energieform setzen als wir, sehen wir, dass deren Strompreise mittlerweile nicht mehr niedriger sind als unsere und ab 2026 zus√§tzlich deutliche Preiserh√∂hungen angek√ºndigt haben (+40% f√ºr den Atomstrom). Die Erz√§hlung von g√ºnstigen Atomstrom ist leider nur ein M√§rchen.

Wenn wir nicht mehr auf LNG angewiesen sind, weil wir mit Gas unsere H√§user nicht mehr heizen, w√ºrde das den Gaspreis nachhaltig senken und damit auch den Strompreis.

Und die Idee, dass man den Strompreis nur √ºber den Emissionshandel steuert, w√§re f√ºr den Preis fatal. Denn der CO2 Aussto√ü f√ºr die Gaskraftwerke w√ºrde den Preis noch weiter treiben.",10,Former_Star1081,2024-04-14
114,1c3vrv5,2024-04-14,kzjxs34,"Naja, das neoliberale NZZ-Bl√§ttchen als ""Nachbarschaft"" zu definieren ... Schade, dass die Zeiten vorbei sind, als man die noch lesen konnte, die waren mal echt gut.",13,Deepfire_DM,2024-04-14
115,1c3vrv5,2024-04-14,kzk7te6,"Kritische Anmerkungen zur Studie von Veronika Grimm:

https://mastodon.social/@mkreutzfeldt/112251047501593514",6,GirasoleDE,2024-04-14
116,1c3vrv5,2024-04-14,kzkvduj,"Die AfD Hauspostille, LOL.",2,tuvoksnightmare,2024-04-14
117,1c3vrv5,2024-04-14,kzl94ht,Wenn sie das sagen,0,Defiant_Cycle8643,2024-04-14
118,1c3vrv5,2024-04-14,kzncenl,"Indizien:
1. Die Wahl der Bundesvorstand:In B√ºndnis90/ Gr√ºne erfolgte ohne Gegenkandidat:In
2. Der B√ºrgerrat ""Ern√§hrung im Wandel"" ist mehrheitlich von Gr√ºnen unterwandert",0,Defiant_Cycle8643,2024-04-15
119,1c3vrv5,2024-04-14,kzl921a,Das ist doch nur Geschwallere,-8,Defiant_Cycle8643,2024-04-14
120,1c3vrv5,2024-04-14,kzjz7wz,"Dann lieber die feministische Zeit?

https://www.zeit.de/wirtschaft/2024-04/strompreise-robert-habeck-atomausstieg",-12,Defiant_Cycle8643,2024-04-14
121,1c3vrv5,2024-04-14,kzkcx4z,"Kritikpunkt:
""Dass die Studie selbst bei komplettem Verzicht auf eine Flexibilisierung der Nachfrage f√ºr 2040 auf ungef√§hr gleich hohe Stromgestehungskosten wie im Jahr 2021 kommt, ist darum eine gute Nachricht ‚Äì denn das l√§sst erwarten, dass sie in der Realit√§t niedriger sein werden""

Was soll das hei√üen ""Flexibilisierung der Nachfrage? Der Abbau von Stellen in Braunkohle, Chemie & Stahl die Strom Nachfrage ""flexibilisiert""?",-4,Defiant_Cycle8643,2024-04-14
122,1c3vrv5,2024-04-14,kzk1uz3,"Auf jeden Fall deutlich besser, ja.",9,Deepfire_DM,2024-04-14
123,1c3vrv5,2024-04-14,kzjzrxm,Leider schwafelt da immer nur Habeck und es gibt nur sehr wenig belastbare Informationen,-8,Defiant_Cycle8643,2024-04-14
124,1c3vrv5,2024-04-14,kzke3td,"Deine Ausdrucksweise zeigt schon, dass du √ºberhaupt nicht an sachlicher Auseinandersetzung interessiert bist.",11,Hoongoon,2024-04-14
125,1c3vrv5,2024-04-14,kzkhj0n,Es geht um steuerbare und verschiebbare Lasten.,10,Former_Star1081,2024-04-14
126,1c3vrv5,2024-04-14,kzkc7l2,Auf jeden deutlich mehr Geschwafel von Robert Habeck und weniger Informationen.,-9,Defiant_Cycle8643,2024-04-14
127,1c3vrv5,2024-04-14,kzkiy0p,Wo ist bei ihnen der sachliche Punkt? Kann ihnen nicht ganz folgen,-2,Defiant_Cycle8643,2024-04-14
128,1c3vrv5,2024-04-14,kzki9pw,"Was sind ""steuerbare und verschiebbare"" Lasten? Jemand dreht K√∂ln den Strom ab, weil auf der Nordsee gerade umme mit Wind?",-1,Defiant_Cycle8643,2024-04-14
129,1c3vrv5,2024-04-14,kzkefwx,"NZZ-Informationen sind leider ""Informationen"" geworden. Dann lieber Habecks Kommentare als diesen Mist.",7,Deepfire_DM,2024-04-14
130,1c3vrv5,2024-04-14,kzmxue6,"Ich erkl√§re es dir gern. Der sachliche Punkt meiner Aussage ist der folgende. Auf Grundlage deiner Formulierungen kann man annehmen kann, dass du nicht an sachlichen Diskussionen interessiert bist.",3,Hoongoon,2024-04-15
131,1c3vrv5,2024-04-14,kzkk2f7,Schau doch bitte auf Google nach. Da wird das doch alles erkl√§rt. Ich m√∂chte dir nicht alles vorkauen.,9,Former_Star1081,2024-04-14
132,1c3vrv5,2024-04-14,kzkirbf,"Demokratie ist durch die Gr√ºnen zur ""Demokratie"" geworden. Aber gut das das kam",-9,Defiant_Cycle8643,2024-04-14
133,1c3vrv5,2024-04-14,kzl96jk,Was soll ich in Google nachschauen,-1,Defiant_Cycle8643,2024-04-14
134,1c3vrv5,2024-04-14,kzkntbs,[removed],9,,2024-04-14
135,1c3vrv5,2024-04-14,kzn5iqp,"Das kann nicht dein Ernst sein, lmao.",3,Kakaphr4kt,2024-04-15
136,1c3vrv5,2024-04-14,kzn3m6v,steuerbare und verschiebbare Lasten,2,Former_Star1081,2024-04-15
137,1c3vrv5,2024-04-14,kzl9jtf,[removed],-7,,2024-04-14
138,1c3vrv5,2024-04-14,kznc4s8,Ich habe einfach den n√§chsten Artikel gepostet warum das alles Quatsch ist:),0,Defiant_Cycle8643,2024-04-15
139,1c3vrv5,2024-04-14,kzncx8b,"Ich brauche keine Artikel daf√ºr, weil ich steuerbare Lasten bei einem Netzbetreiber umsetze. Fast alle Journalisten sind leider nicht wirklich im Thema drin.",2,Former_Star1081,2024-04-15
140,1c3vrv5,2024-04-14,kzoed5u,Wieviele Accounts hast du eigentlich,0,Defiant_Cycle8643,2024-04-15
141,1c3vrv5,2024-04-14,kzoj672,1,2,Former_Star1081,2024-04-15
142,1c2k6gt,2024-04-12,kzcgb01,Es h√§tte mich gewundert wenn es kein prorussisches Netzwerk versucht h√§tte.,5,Henning-the-great,2024-04-13
